{
  "embedder": {
    "backend": "ollama",
    "dim": 768,
    "model": "nomic-embed-text"
  },
  "eval": [
    {
      "detail": "-",
      "failures_mean": 1.0,
      "mode": "bm25_only",
      "mrr": 0.586231884057971,
      "n": 23,
      "p50_ms": 23.746258199999996,
      "p95_ms": 27.542758400000004,
      "recall@1": 0.5217391304347826,
      "recall@3": 0.6086956521739131,
      "recall@5": 0.7391304347826086,
      "repeats": 5
    },
    {
      "detail": "-",
      "failures_mean": 0.0,
      "mode": "vector_only",
      "mrr": 0.8048136645962731,
      "n": 23,
      "p50_ms": 30.7014748,
      "p95_ms": 35.86711660000001,
      "recall@1": 0.7391304347826086,
      "recall@3": 0.826086956521739,
      "recall@5": 0.826086956521739,
      "repeats": 5
    },
    {
      "detail": "default equal weights",
      "failures_mean": 1.0,
      "mode": "rrf_hybrid",
      "mrr": 0.6186853002070393,
      "n": 23,
      "p50_ms": 43.55634980000001,
      "p95_ms": 49.856458200000006,
      "recall@1": 0.4521739130434782,
      "recall@3": 0.7478260869565216,
      "recall@5": 0.808695652173913,
      "repeats": 5
    },
    {
      "detail": "[6.0, 1.0, 0.0, 0.0] k=30",
      "failures_mean": 1.0,
      "mode": "rrf_hybrid_tuned",
      "mrr": 0.7652173913043478,
      "n": 23,
      "p50_ms": 42.3291334,
      "p95_ms": 49.8246498,
      "recall@1": 0.6956521739130435,
      "recall@3": 0.782608695652174,
      "recall@5": 0.826086956521739,
      "repeats": 5
    }
  ],
  "tuned_config": {
    "label": "v6_b1_r0_g0_k30",
    "rrf_k": 30.0,
    "weights": [
      6.0,
      1.0,
      0.0,
      0.0
    ]
  }
}