{
  "embedder": {
    "backend": "ollama",
    "dim": 768,
    "model": "nomic-embed-text"
  },
  "eval": [
    {
      "detail": "-",
      "failures_mean": 1.0,
      "mode": "bm25_only",
      "mrr": 0.586231884057971,
      "n": 23,
      "p50_ms": 28.973991600000005,
      "p95_ms": 35.5377754,
      "recall@1": 0.5217391304347826,
      "recall@3": 0.6086956521739131,
      "recall@5": 0.7391304347826086,
      "repeats": 5
    },
    {
      "detail": "-",
      "failures_mean": 0.0,
      "mode": "vector_only",
      "mrr": 0.8048136645962731,
      "n": 23,
      "p50_ms": 33.9199,
      "p95_ms": 48.3831748,
      "recall@1": 0.7391304347826086,
      "recall@3": 0.826086956521739,
      "recall@5": 0.826086956521739,
      "repeats": 5
    },
    {
      "detail": "default equal weights",
      "failures_mean": 1.0,
      "mode": "rrf_hybrid",
      "mrr": 0.6382022084195997,
      "n": 23,
      "p50_ms": 45.9653498,
      "p95_ms": 65.9445082,
      "recall@1": 0.4782608695652174,
      "recall@3": 0.7565217391304347,
      "recall@5": 0.808695652173913,
      "repeats": 5
    },
    {
      "detail": "[6.0, 1.0, 0.0, 0.0] k=30",
      "failures_mean": 1.0,
      "mode": "rrf_hybrid_tuned",
      "mrr": 0.7652173913043478,
      "n": 23,
      "p50_ms": 44.477467000000004,
      "p95_ms": 62.4324834,
      "recall@1": 0.6956521739130435,
      "recall@3": 0.782608695652174,
      "recall@5": 0.826086956521739,
      "repeats": 5
    }
  ],
  "token_efficiency": {
    "framing": "Engram arXiv:2606.09900 lean-slice-vs-full-history",
    "full_history_tokens": 893,
    "mean_slice_tokens": 100.5909090909091,
    "note": "memory-layer token accounting only; QA accuracy needs a generative LLM (not run)",
    "slice_k": 5,
    "token_estimate": "ceil(chars/4)",
    "token_reduction": 0.8873562048254098,
    "tuned_config": "v6_b1_r0_g0_k30"
  },
  "tuned_config": {
    "label": "v6_b1_r0_g0_k30",
    "rrf_k": 30.0,
    "weights": [
      6.0,
      1.0,
      0.0,
      0.0
    ]
  }
}